cvegeo,vivtot,tvivhab,p_tvivhab,tvivpar,p_tvivpar,tvivparhab,pvivparhab,vivpar_des,p_vivpar_d,vivpar_ut,p_vivpar_u,vivnohab,p_vivnohab,vph_pisodt,p_v_pisodt,vph_c_elec,p_v_c_elec,vph_aguadv,p_v_aguadv,vph_drenaj,p_v_drenaj,vph_excusa,p_v_excusa,v_3masocup,p_3masocup,proocup_c,pobtot,p0a14a,pp0a14a,p15a29a,pp15a29a,p30a59a,pp30a59a,p_60ymas,pp_60ymas,pcon_lim,ppcon_lim,graproes,acesoper_,acesoaut_,recucall_,senaliza_,alumpub_,telpub_,banqueta_,guarnici_,arboles_,rampas_,puessemi_,puesambu_,acesoper_c,acesoaut_c,recucall_c,senaliza_c,alumpub_c,telpub_c,banqueta_c,guarnici_c,arboles_c,rampas_c,puessemi_c,puesambu_c,ent,nom_ent,mun,nom_mun,loc,nom_loc,ageb,mza,fecha_poli,fecha_inf,fecha_ceu,oid
"0901500010042002",423.000000000000000,370.000000000000000,87.469999999999999,423.000000000000000,100.000000000000000,370.000000000000000,87.469999999999999,53.000000000000000,12.529999999999999,0.000000000000000,0.000000000000000,53.000000000000000,12.529999999999999,347.000000000000000,93.780000000000001,347.000000000000000,93.780000000000001,341.000000000000000,92.159999999999997,341.000000000000000,92.159999999999997,346.000000000000000,93.510000000000005,13.000000000000000,3.510000000000000,2.900000000000000,1127.000000000000000,269.000000000000000,23.870000000000001,237.000000000000000,21.030000000000001,513.000000000000000,45.520000000000003,39.000000000000000,3.460000000000000,4.000000000000000,0.000000000000000,11.600000000000000,2.000000000000000,3.000000000000000,2.000000000000000,2.000000000000000,2.000000000000000,2.000000000000000,2.000000000000000,3.000000000000000,2.000000000000000,3.000000000000000,2.000000000000000,3.000000000000000,Restricción en alguna vialidad,Restricción en ninguna vialidad,Alguna vialidad,Alguna vialidad,Alguna vialidad,Alguna vialidad,Alguna vialidad,Ninguna vialidad,Alguna vialidad,Ninguna vialidad,Alguna vialidad,Ninguna vialidad,"09",Ciudad de México,"015",Cuauhtémoc,"0001",Cuauhtémoc,"0042","002","2010","2010","2010","55612"
"0901500010042003",0.000000000000000,0.000000000000000,0.000000000000000,0.000000000000000,0.000000000000000,0.000000000000000,0.000000000000000,0.000000000000000,0.000000000000000,0.000000000000000,0.000000000000000,0.000000000000000,0.000000000000000,0.000000000000000,0.000000000000000,0.000000000000000,0.000000000000000,0.000000000000000,0.000000000000000,0.000000000000000,0.000000000000000,0.000000000000000,0.000000000000000,0.000000000000000,0.000000000000000,0.000000000000000,0.000000000000000,0.000000000000000,0.000000000000000,0.000000000000000,0.000000000000000,0.000000000000000,0.000000000000000,0.000000000000000,0.000000000000000,0.000000000000000,0.000000000000000,0.000000000000000,3.000000000000000,3.000000000000000,1.000000000000000,1.000000000000000,1.000000000000000,2.000000000000000,1.000000000000000,1.000000000000000,2.000000000000000,3.000000000000000,3.000000000000000,3.000000000000000,Restricción en ninguna vialidad,Restricción en ninguna vialidad,Todas las vialidades,Todas las vialidades,Todas las vialidades,Alguna vialidad,Todas las vialidades,Todas las vialidades,Alguna vialidad,Ninguna vialidad,Ninguna vialidad,Ninguna vialidad,"09",Ciudad de México,"015",Cuauhtémoc,"0001",Cuauhtémoc,"0042","003","2010","2010","2010","55613"
"0901500010042006",0.000000000000000,0.000000000000000,0.000000000000000,0.000000000000000,0.000000000000000,0.000000000000000,0.000000000000000,0.000000000000000,0.000000000000000,0.000000000000000,0.000000000000000,0.000000000000000,0.000000000000000,0.000000000000000,0.000000000000000,0.000000000000000,0.000000000000000,0.000000000000000,0.000000000000000,0.000000000000000,0.000000000000000,0.000000000000000,0.000000000000000,0.000000000000000,0.000000000000000,0.000000000000000,0.000000000000000,0.000000000000000,0.000000000000000,0.000000000000000,0.000000000000000,0.000000000000000,0.000000000000000,0.000000000000000,0.000000000000000,0.000000000000000,0.000000000000000,0.000000000000000,3.000000000000000,3.000000000000000,2.000000000000000,2.000000000000000,2.000000000000000,2.000000000000000,2.000000000000000,2.000000000000000,2.000000000000000,2.000000000000000,3.000000000000000,3.000000000000000,Restricción en ninguna vialidad,Restricción en ninguna vialidad,Alguna vialidad,Alguna vialidad,Alguna vialidad,Alguna vialidad,Alguna vialidad,Alguna vialidad,Alguna vialidad,Alguna vialidad,Ninguna vialidad,Ninguna vialidad,"09",Ciudad de México,"015",Cuauhtémoc,"0001",Cuauhtémoc,"0042","006","2010","2010","2010","55614"
"0901500010042007",0.000000000000000,0.000000000000000,0.000000000000000,0.000000000000000,0.000000000000000,0.000000000000000,0.000000000000000,0.000000000000000,0.000000000000000,0.000000000000000,0.000000000000000,0.000000000000000,0.000000000000000,0.000000000000000,0.000000000000000,0.000000000000000,0.000000000000000,0.000000000000000,0.000000000000000,0.000000000000000,0.000000000000000,0.000000000000000,0.000000000000000,0.000000000000000,0.000000000000000,0.000000000000000,0.000000000000000,0.000000000000000,0.000000000000000,0.000000000000000,0.000000000000000,0.000000000000000,0.000000000000000,0.000000000000000,0.000000000000000,0.000000000000000,0.000000000000000,0.000000000000000,3.000000000000000,3.000000000000000,1.000000000000000,2.000000000000000,1.000000000000000,2.000000000000000,1.000000000000000,1.000000000000000,2.000000000000000,3.000000000000000,2.000000000000000,2.000000000000000,Restricción en ninguna vialidad,Restricción en ninguna vialidad,Todas las vialidades,Alguna vialidad,Todas las vialidades,Alguna vialidad,Todas las vialidades,Todas las vialidades,Alguna vialidad,Ninguna vialidad,Alguna vialidad,Alguna vialidad,"09",Ciudad de México,"015",Cuauhtémoc,"0001",Cuauhtémoc,"0042","007","2010","2010","2010","55615"
"0901500010042008",99.000000000000000,97.000000000000000,97.980000000000004,99.000000000000000,100.000000000000000,97.000000000000000,97.980000000000004,,,,,,,95.000000000000000,97.939999999999998,94.000000000000000,96.909999999999997,95.000000000000000,97.939999999999998,95.000000000000000,97.939999999999998,95.000000000000000,97.939999999999998,5.000000000000000,5.150000000000000,3.400000000000000,332.000000000000000,78.000000000000000,23.489999999999998,90.000000000000000,27.109999999999999,118.000000000000000,35.539999999999999,43.000000000000000,12.949999999999999,13.000000000000000,4.000000000000000,8.600000000000000,3.000000000000000,2.000000000000000,1.000000000000000,1.000000000000000,1.000000000000000,3.000000000000000,1.000000000000000,1.000000000000000,2.000000000000000,3.000000000000000,3.000000000000000,3.000000000000000,Restricción en ninguna vialidad,Restricción en alguna vialidad,Todas las vialidades,Todas las vialidades,Todas las vialidades,Ninguna vialidad,Todas las vialidades,Todas las vialidades,Alguna vialidad,Ninguna vialidad,Ninguna vialidad,Ninguna vialidad,"09",Ciudad de México,"015",Cuauhtémoc,"0001",Cuauhtémoc,"0042","008","2010","2010","2010","55616"
"0901500010042009",8.000000000000000,4.000000000000000,50.000000000000000,8.000000000000000,100.000000000000000,4.000000000000000,50.000000000000000,4.000000000000000,50.000000000000000,0.000000000000000,0.000000000000000,4.000000000000000,50.000000000000000,4.000000000000000,100.000000000000000,4.000000000000000,100.000000000000000,4.000000000000000,100.000000000000000,4.000000000000000,100.000000000000000,4.000000000000000,100.000000000000000,0.000000000000000,0.000000000000000,,8.000000000000000,0.000000000000000,0.000000000000000,,,4.000000000000000,50.000000000000000,,,0.000000000000000,0.000000000000000,9.800000000000001,3.000000000000000,3.000000000000000,2.000000000000000,2.000000000000000,2.000000000000000,3.000000000000000,2.000000000000000,2.000000000000000,2.000000000000000,3.000000000000000,3.000000000000000,3.000000000000000,Restricción en ninguna vialidad,Restricción en ninguna vialidad,Alguna vialidad,Alguna vialidad,Alguna vialidad,Ninguna vialidad,Alguna vialidad,Alguna vialidad,Alguna vialidad,Ninguna vialidad,Ninguna vialidad,Ninguna vialidad,"09",Ciudad de México,"015",Cuauhtémoc,"0001",Cuauhtémoc,"0042","009","2010","2010","2010","55617"
"0901500010042010",0.000000000000000,0.000000000000000,0.000000000000000,0.000000000000000,0.000000000000000,0.000000000000000,0.000000000000000,0.000000000000000,0.000000000000000,0.000000000000000,0.000000000000000,0.000000000000000,0.000000000000000,0.000000000000000,0.000000000000000,0.000000000000000,0.000000000000000,0.000000000000000,0.000000000000000,0.000000000000000,0.000000000000000,0.000000000000000,0.000000000000000,0.000000000000000,0.000000000000000,0.000000000000000,0.000000000000000,0.000000000000000,0.000000000000000,0.000000000000000,0.000000000000000,0.000000000000000,0.000000000000000,0.000000000000000,0.000000000000000,0.000000000000000,0.000000000000000,0.000000000000000,2.000000000000000,3.000000000000000,2.000000000000000,2.000000000000000,2.000000000000000,2.000000000000000,2.000000000000000,3.000000000000000,2.000000000000000,3.000000000000000,3.000000000000000,3.000000000000000,Restricción en alguna vialidad,Restricción en ninguna vialidad,Alguna vialidad,Alguna vialidad,Alguna vialidad,Alguna vialidad,Alguna vialidad,Ninguna vialidad,Alguna vialidad,Ninguna vialidad,Ninguna vialidad,Ninguna vialidad,"09",Ciudad de México,"015",Cuauhtémoc,"0001",Cuauhtémoc,"0042","010","2010","2010","2010","55618"
"0901500010042011",0.000000000000000,0.000000000000000,0.000000000000000,0.000000000000000,0.000000000000000,0.000000000000000,0.000000000000000,0.000000000000000,0.000000000000000,0.000000000000000,0.000000000000000,0.000000000000000,0.000000000000000,0.000000000000000,0.000000000000000,0.000000000000000,0.000000000000000,0.000000000000000,0.000000000000000,0.000000000000000,0.000000000000000,0.000000000000000,0.000000000000000,0.000000000000000,0.000000000000000,0.000000000000000,0.000000000000000,0.000000000000000,0.000000000000000,0.000000000000000,0.000000000000000,0.000000000000000,0.000000000000000,0.000000000000000,0.000000000000000,0.000000000000000,0.000000000000000,0.000000000000000,3.000000000000000,2.000000000000000,1.000000000000000,2.000000000000000,2.000000000000000,3.000000000000000,2.000000000000000,2.000000000000000,2.000000000000000,3.000000000000000,3.000000000000000,3.000000000000000,Restricción en ninguna vialidad,Restricción en alguna vialidad,Todas las vialidades,Alguna vialidad,Alguna vialidad,Ninguna vialidad,Alguna vialidad,Alguna vialidad,Alguna vialidad,Ninguna vialidad,Ninguna vialidad,Ninguna vialidad,"09",Ciudad de México,"015",Cuauhtémoc,"0001",Cuauhtémoc,"0042","011","2010","2010","2010","55619"
"0901500010042012",40.000000000000000,34.000000000000000,85.000000000000000,40.000000000000000,100.000000000000000,34.000000000000000,85.000000000000000,5.000000000000000,12.500000000000000,,,6.000000000000000,15.000000000000000,29.000000000000000,85.290000000000006,32.000000000000000,94.120000000000005,30.000000000000000,88.239999999999995,31.000000000000000,91.180000000000007,31.000000000000000,91.180000000000007,16.000000000000000,47.060000000000002,3.200000000000000,116.000000000000000,37.000000000000000,31.899999999999999,30.000000000000000,25.859999999999999,36.000000000000000,31.030000000000001,7.000000000000000,6.030000000000000,0.000000000000000,0.000000000000000,8.800000000000001,2.000000000000000,2.000000000000000,2.000000000000000,2.000000000000000,2.000000000000000,2.000000000000000,2.000000000000000,2.000000000000000,2.000000000000000,3.000000000000000,2.000000000000000,3.000000000000000,Restricción en alguna vialidad,Restricción en alguna vialidad,Alguna vialidad,Alguna vialidad,Alguna vialidad,Alguna vialidad,Alguna vialidad,Alguna vialidad,Alguna vialidad,Ninguna vialidad,Alguna vialidad,Ninguna vialidad,"09",Ciudad de México,"015",Cuauhtémoc,"0001",Cuauhtémoc,"0042","012","2010","2010","2010","55620"
"0901500010042013",99.000000000000000,56.000000000000000,56.570000000000000,99.000000000000000,100.000000000000000,56.000000000000000,56.570000000000000,41.000000000000000,41.409999999999997,,,43.000000000000000,43.430000000000000,45.000000000000000,80.359999999999999,53.000000000000000,94.640000000000001,39.000000000000000,69.640000000000001,47.000000000000000,83.930000000000007,48.000000000000000,85.709999999999994,6.000000000000000,10.710000000000001,2.800000000000000,164.000000000000000,42.000000000000000,25.609999999999999,34.000000000000000,20.730000000000000,69.000000000000000,42.070000000000000,10.000000000000000,6.100000000000000,8.000000000000000,5.000000000000000,10.500000000000000,3.000000000000000,2.000000000000000,2.000000000000000,2.000000000000000,2.000000000000000,2.000000000000000,2.000000000000000,2.000000000000000,2.000000000000000,2.000000000000000,3.000000000000000,2.000000000000000,Restricción en ninguna vialidad,Restricción en alguna vialidad,Alguna vialidad,Alguna vialidad,Alguna vialidad,Alguna vialidad,Alguna vialidad,Alguna vialidad,Alguna vialidad,Alguna vialidad,Ninguna vialidad,Alguna vialidad,"09",Ciudad de México,"015",Cuauhtémoc,"0001",Cuauhtémoc,"0042","013","2010","2010","2010","55621"
"0901500010042014",49.000000000000000,43.000000000000000,87.760000000000005,49.000000000000000,100.000000000000000,43.000000000000000,87.760000000000005,6.000000000000000,12.240000000000000,0.000000000000000,0.000000000000000,6.000000000000000,12.240000000000000,43.000000000000000,100.000000000000000,43.000000000000000,100.000000000000000,43.000000000000000,100.000000000000000,43.000000000000000,100.000000000000000,43.000000000000000,100.000000000000000,0.000000000000000,0.000000000000000,2.600000000000000,110.000000000000000,20.000000000000000,18.180000000000000,22.000000000000000,20.000000000000000,59.000000000000000,53.640000000000001,9.000000000000000,8.180000000000000,4.000000000000000,4.000000000000000,10.400000000000000,3.000000000000000,3.000000000000000,2.000000000000000,2.000000000000000,2.000000000000000,3.000000000000000,2.000000000000000,2.000000000000000,2.000000000000000,3.000000000000000,3.000000000000000,3.000000000000000,Restricción en ninguna vialidad,Restricción en ninguna vialidad,Alguna vialidad,Alguna vialidad,Alguna vialidad,Ninguna vialidad,Alguna vialidad,Alguna vialidad,Alguna vialidad,Ninguna vialidad,Ninguna vialidad,Ninguna vialidad,"09",Ciudad de México,"015",Cuauhtémoc,"0001",Cuauhtémoc,"0042","014","2010","2010","2010","55622"
"0901500010042015",9.000000000000000,9.000000000000000,100.000000000000000,9.000000000000000,100.000000000000000,9.000000000000000,100.000000000000000,0.000000000000000,0.000000000000000,0.000000000000000,0.000000000000000,0.000000000000000,0.000000000000000,9.000000000000000,100.000000000000000,9.000000000000000,100.000000000000000,9.000000000000000,100.000000000000000,9.000000000000000,100.000000000000000,9.000000000000000,100.000000000000000,,,4.670000000000000,42.000000000000000,18.000000000000000,42.859999999999999,12.000000000000000,28.570000000000000,11.000000000000000,26.190000000000001,,,,,8.080000000000000,2.000000000000000,3.000000000000000,2.000000000000000,2.000000000000000,2.000000000000000,2.000000000000000,2.000000000000000,2.000000000000000,2.000000000000000,3.000000000000000,3.000000000000000,3.000000000000000,Restricción en alguna vialidad,Restricción en ninguna vialidad,Alguna vialidad,Alguna vialidad,Alguna vialidad,Alguna vialidad,Alguna vialidad,Alguna vialidad,Alguna vialidad,Ninguna vialidad,Ninguna vialidad,Ninguna vialidad,"09",Ciudad de México,"015",Cuauhtémoc,"0001",Cuauhtémoc,"0042","015","2010","2015","2010","55623"
"0901500010042016",11.000000000000000,9.000000000000000,81.819999999999993,11.000000000000000,100.000000000000000,9.000000000000000,81.819999999999993,,,0.000000000000000,0.000000000000000,,,9.000000000000000,100.000000000000000,9.000000000000000,100.000000000000000,9.000000000000000,100.000000000000000,9.000000000000000,100.000000000000000,9.000000000000000,100.000000000000000,,,4.000000000000000,36.000000000000000,8.000000000000000,22.219999999999999,16.000000000000000,44.439999999999998,11.000000000000000,30.559999999999999,,,,,10.859999999999999,5.000000000000000,5.000000000000000,5.000000000000000,5.000000000000000,5.000000000000000,5.000000000000000,5.000000000000000,5.000000000000000,5.000000000000000,5.000000000000000,5.000000000000000,5.000000000000000,Conjunto habitacional,Conjunto habitacional,Conjunto habitacional,Conjunto habitacional,Conjunto habitacional,Conjunto habitacional,Conjunto habitacional,Conjunto habitacional,Conjunto habitacional,Conjunto habitacional,Conjunto habitacional,Conjunto habitacional,"09",Ciudad de México,"015",Cuauhtémoc,"0001",Cuauhtémoc,"0042","016","2010","2015","2010","55624"
"0901500010042017",20.000000000000000,15.000000000000000,75.000000000000000,20.000000000000000,100.000000000000000,15.000000000000000,75.000000000000000,5.000000000000000,25.000000000000000,0.000000000000000,0.000000000000000,5.000000000000000,25.000000000000000,14.000000000000000,93.329999999999998,14.000000000000000,93.329999999999998,14.000000000000000,93.329999999999998,14.000000000000000,93.329999999999998,14.000000000000000,93.329999999999998,0.000000000000000,0.000000000000000,2.700000000000000,44.000000000000000,9.000000000000000,20.449999999999999,9.000000000000000,20.449999999999999,19.000000000000000,43.180000000000000,4.000000000000000,9.090000000000000,,,10.300000000000001,5.000000000000000,5.000000000000000,5.000000000000000,5.000000000000000,5.000000000000000,5.000000000000000,5.000000000000000,5.000000000000000,5.000000000000000,5.000000000000000,5.000000000000000,5.000000000000000,Conjunto habitacional,Conjunto habitacional,Conjunto habitacional,Conjunto habitacional,Conjunto habitacional,Conjunto habitacional,Conjunto habitacional,Conjunto habitacional,Conjunto habitacional,Conjunto habitacional,Conjunto habitacional,Conjunto habitacional,"09",Ciudad de México,"015",Cuauhtémoc,"0001",Cuauhtémoc,"0042","017","2010","2010","2010","55625"
"0901500010042018",10.000000000000000,10.000000000000000,100.000000000000000,10.000000000000000,100.000000000000000,10.000000000000000,100.000000000000000,0.000000000000000,0.000000000000000,0.000000000000000,0.000000000000000,0.000000000000000,0.000000000000000,9.000000000000000,90.000000000000000,9.000000000000000,90.000000000000000,9.000000000000000,90.000000000000000,9.000000000000000,90.000000000000000,9.000000000000000,90.000000000000000,0.000000000000000,0.000000000000000,3.700000000000000,40.000000000000000,9.000000000000000,22.500000000000000,15.000000000000000,37.500000000000000,11.000000000000000,27.500000000000000,,,,,9.100000000000000,5.000000000000000,5.000000000000000,5.000000000000000,5.000000000000000,5.000000000000000,5.000000000000000,5.000000000000000,5.000000000000000,5.000000000000000,5.000000000000000,5.000000000000000,5.000000000000000,Conjunto habitacional,Conjunto habitacional,Conjunto habitacional,Conjunto habitacional,Conjunto habitacional,Conjunto habitacional,Conjunto habitacional,Conjunto habitacional,Conjunto habitacional,Conjunto habitacional,Conjunto habitacional,Conjunto habitacional,"09",Ciudad de México,"015",Cuauhtémoc,"0001",Cuauhtémoc,"0042","018","2010","2010","2010","55626"
"0901500010042019",20.000000000000000,20.000000000000000,100.000000000000000,20.000000000000000,100.000000000000000,20.000000000000000,100.000000000000000,0.000000000000000,0.000000000000000,0.000000000000000,0.000000000000000,0.000000000000000,0.000000000000000,18.000000000000000,90.000000000000000,19.000000000000000,95.000000000000000,18.000000000000000,90.000000000000000,18.000000000000000,90.000000000000000,19.000000000000000,95.000000000000000,,,3.500000000000000,72.000000000000000,15.000000000000000,20.829999999999998,24.000000000000000,33.329999999999998,27.000000000000000,37.500000000000000,3.000000000000000,4.170000000000000,,,8.199999999999999,5.000000000000000,5.000000000000000,5.000000000000000,5.000000000000000,5.000000000000000,5.000000000000000,5.000000000000000,5.000000000000000,5.000000000000000,5.000000000000000,5.000000000000000,5.000000000000000,Conjunto habitacional,Conjunto habitacional,Conjunto habitacional,Conjunto habitacional,Conjunto habitacional,Conjunto habitacional,Conjunto habitacional,Conjunto habitacional,Conjunto habitacional,Conjunto habitacional,Conjunto habitacional,Conjunto habitacional,"09",Ciudad de México,"015",Cuauhtémoc,"0001",Cuauhtémoc,"0042","019","2010","2010","2010","55627"
"0901500010042020",15.000000000000000,14.000000000000000,93.329999999999998,15.000000000000000,100.000000000000000,14.000000000000000,93.329999999999998,,,0.000000000000000,0.000000000000000,,,13.000000000000000,92.859999999999999,13.000000000000000,92.859999999999999,13.000000000000000,92.859999999999999,13.000000000000000,92.859999999999999,13.000000000000000,92.859999999999999,3.000000000000000,21.430000000000000,4.300000000000000,63.000000000000000,13.000000000000000,20.629999999999999,23.000000000000000,36.509999999999998,22.000000000000000,34.920000000000002,,,,,7.800000000000000,5.000000000000000,5.000000000000000,5.000000000000000,5.000000000000000,5.000000000000000,5.000000000000000,5.000000000000000,5.000000000000000,5.000000000000000,5.000000000000000,5.000000000000000,5.000000000000000,Conjunto habitacional,Conjunto habitacional,Conjunto habitacional,Conjunto habitacional,Conjunto habitacional,Conjunto habitacional,Conjunto habitacional,Conjunto habitacional,Conjunto habitacional,Conjunto habitacional,Conjunto habitacional,Conjunto habitacional,"09",Ciudad de México,"015",Cuauhtémoc,"0001",Cuauhtémoc,"0042","020","2010","2010","2010","55628"
"0901500010042021",10.000000000000000,10.000000000000000,100.000000000000000,10.000000000000000,100.000000000000000,10.000000000000000,100.000000000000000,0.000000000000000,0.000000000000000,0.000000000000000,0.000000000000000,0.000000000000000,0.000000000000000,10.000000000000000,100.000000000000000,10.000000000000000,100.000000000000000,10.000000000000000,100.000000000000000,10.000000000000000,100.000000000000000,10.000000000000000,100.000000000000000,0.000000000000000,0.000000000000000,3.600000000000000,36.000000000000000,12.000000000000000,33.329999999999998,10.000000000000000,27.780000000000001,12.000000000000000,33.329999999999998,,,,,7.800000000000000,5.000000000000000,5.000000000000000,5.000000000000000,5.000000000000000,5.000000000000000,5.000000000000000,5.000000000000000,5.000000000000000,5.000000000000000,5.000000000000000,5.000000000000000,5.000000000000000,Conjunto habitacional,Conjunto habitacional,Conjunto habitacional,Conjunto habitacional,Conjunto habitacional,Conjunto habitacional,Conjunto habitacional,Conjunto habitacional,Conjunto habitacional,Conjunto habitacional,Conjunto habitacional,Conjunto habitacional,"09",Ciudad de México,"015",Cuauhtémoc,"0001",Cuauhtémoc,"0042","021","2010","2010","2010","55629"
"0901500010042022",40.000000000000000,33.000000000000000,82.500000000000000,40.000000000000000,100.000000000000000,33.000000000000000,82.500000000000000,6.000000000000000,15.000000000000000,,,7.000000000000000,17.500000000000000,28.000000000000000,84.849999999999994,31.000000000000000,93.939999999999998,31.000000000000000,93.939999999999998,31.000000000000000,93.939999999999998,31.000000000000000,93.939999999999998,,,3.000000000000000,106.000000000000000,27.000000000000000,25.469999999999999,30.000000000000000,28.300000000000001,43.000000000000000,40.570000000000000,0.000000000000000,0.000000000000000,0.000000000000000,0.000000000000000,10.199999999999999,5.000000000000000,5.000000000000000,5.000000000000000,5.000000000000000,5.000000000000000,5.000000000000000,5.000000000000000,5.000000000000000,5.000000000000000,5.000000000000000,5.000000000000000,5.000000000000000,Conjunto habitacional,Conjunto habitacional,Conjunto habitacional,Conjunto habitacional,Conjunto habitacional,Conjunto habitacional,Conjunto habitacional,Conjunto habitacional,Conjunto habitacional,Conjunto habitacional,Conjunto habitacional,Conjunto habitacional,"09",Ciudad de México,"015",Cuauhtémoc,"0001",Cuauhtémoc,"0042","022","2010","2010","2010","55630"
"0901500010042023",115.000000000000000,107.000000000000000,93.040000000000006,115.000000000000000,100.000000000000000,107.000000000000000,93.040000000000006,8.000000000000000,6.960000000000000,0.000000000000000,0.000000000000000,8.000000000000000,6.960000000000000,104.000000000000000,97.200000000000003,105.000000000000000,98.129999999999995,105.000000000000000,98.129999999999995,105.000000000000000,98.129999999999995,105.000000000000000,98.129999999999995,,,3.400000000000000,372.000000000000000,79.000000000000000,21.239999999999998,101.000000000000000,27.149999999999999,153.000000000000000,41.130000000000003,33.000000000000000,8.869999999999999,,,10.800000000000001,5.000000000000000,5.000000000000000,5.000000000000000,5.000000000000000,5.000000000000000,5.000000000000000,5.000000000000000,5.000000000000000,5.000000000000000,5.000000000000000,5.000000000000000,5.000000000000000,Conjunto habitacional,Conjunto habitacional,Conjunto habitacional,Conjunto habitacional,Conjunto habitacional,Conjunto habitacional,Conjunto habitacional,Conjunto habitacional,Conjunto habitacional,Conjunto habitacional,Conjunto habitacional,Conjunto habitacional,"09",Ciudad de México,"015",Cuauhtémoc,"0001",Cuauhtémoc,"0042","023","2010","2010","2010","55631"
"0901500010042024",119.000000000000000,110.000000000000000,92.439999999999998,119.000000000000000,100.000000000000000,110.000000000000000,92.439999999999998,7.000000000000000,5.880000000000000,,,9.000000000000000,7.560000000000000,102.000000000000000,92.730000000000004,106.000000000000000,96.359999999999999,106.000000000000000,96.359999999999999,106.000000000000000,96.359999999999999,106.000000000000000,96.359999999999999,,,3.400000000000000,381.000000000000000,90.000000000000000,23.620000000000001,109.000000000000000,28.609999999999999,151.000000000000000,39.630000000000003,19.000000000000000,4.990000000000000,,,11.199999999999999,5.000000000000000,5.000000000000000,5.000000000000000,5.000000000000000,5.000000000000000,5.000000000000000,5.000000000000000,5.000000000000000,5.000000000000000,5.000000000000000,5.000000000000000,5.000000000000000,Conjunto habitacional,Conjunto habitacional,Conjunto habitacional,Conjunto habitacional,Conjunto habitacional,Conjunto habitacional,Conjunto habitacional,Conjunto habitacional,Conjunto habitacional,Conjunto habitacional,Conjunto habitacional,Conjunto habitacional,"09",Ciudad de México,"015",Cuauhtémoc,"0001",Cuauhtémoc,"0042","024","2010","2010","2010","55632"
090150001017A001,180.000000000000000,162.000000000000000,90.000000000000000,180.000000000000000,100.000000000000000,162.000000000000000,90.000000000000000,12.000000000000000,6.670000000000000,6.000000000000000,3.330000000000000,18.000000000000000,10.000000000000000,162.000000000000000,100.000000000000000,162.000000000000000,100.000000000000000,162.000000000000000,100.000000000000000,161.000000000000000,99.379999999999995,161.000000000000000,99.379999999999995,0.000000000000000,0.000000000000000,2.980000000000000,482.000000000000000,91.000000000000000,18.879999999999999,115.000000000000000,23.859999999999999,250.000000000000000,51.869999999999997,26.000000000000000,5.390000000000000,,,13.320000000000000,3.000000000000000,3.000000000000000,1.000000000000000,1.000000000000000,2.000000000000000,3.000000000000000,1.000000000000000,1.000000000000000,1.000000000000000,3.000000000000000,3.000000000000000,3.000000000000000,Restricción en ninguna vialidad,Restricción en ninguna vialidad,Todas las vialidades,Todas las vialidades,Alguna vialidad,Ninguna vialidad,Todas las vialidades,Todas las vialidades,Todas las vialidades,Ninguna vialidad,Ninguna vialidad,Ninguna vialidad,"09",Ciudad de México,"015",Cuauhtémoc,"0001",Cuauhtémoc,017A,"001","2010","2015","2010","55934"
090150001017A002,0.000000000000000,0.000000000000000,0.000000000000000,0.000000000000000,0.000000000000000,0.000000000000000,0.000000000000000,0.000000000000000,0.000000000000000,0.000000000000000,0.000000000000000,0.000000000000000,0.000000000000000,0.000000000000000,0.000000000000000,0.000000000000000,0.000000000000000,0.000000000000000,0.000000000000000,0.000000000000000,0.000000000000000,0.000000000000000,0.000000000000000,0.000000000000000,0.000000000000000,0.000000000000000,0.000000000000000,0.000000000000000,0.000000000000000,0.000000000000000,0.000000000000000,0.000000000000000,0.000000000000000,0.000000000000000,0.000000000000000,0.000000000000000,0.000000000000000,0.000000000000000,3.000000000000000,3.000000000000000,1.000000000000000,1.000000000000000,2.000000000000000,3.000000000000000,1.000000000000000,1.000000000000000,1.000000000000000,3.000000000000000,3.000000000000000,3.000000000000000,Restricción en ninguna vialidad,Restricción en ninguna vialidad,Todas las vialidades,Todas las vialidades,Alguna vialidad,Ninguna vialidad,Todas las vialidades,Todas las vialidades,Todas las vialidades,Ninguna vialidad,Ninguna vialidad,Ninguna vialidad,"09",Ciudad de México,"015",Cuauhtémoc,"0001",Cuauhtémoc,017A,"002","2010","2010","2010","55935"
090150001017A003,61.000000000000000,60.000000000000000,98.359999999999999,61.000000000000000,100.000000000000000,60.000000000000000,98.359999999999999,,,0.000000000000000,0.000000000000000,,,52.000000000000000,86.670000000000002,52.000000000000000,86.670000000000002,52.000000000000000,86.670000000000002,52.000000000000000,86.670000000000002,52.000000000000000,86.670000000000002,0.000000000000000,0.000000000000000,3.000000000000000,203.000000000000000,34.000000000000000,16.750000000000000,53.000000000000000,26.109999999999999,76.000000000000000,37.439999999999998,16.000000000000000,7.880000000000000,6.000000000000000,3.000000000000000,8.500000000000000,3.000000000000000,2.000000000000000,2.000000000000000,1.000000000000000,2.000000000000000,3.000000000000000,2.000000000000000,2.000000000000000,1.000000000000000,3.000000000000000,3.000000000000000,2.000000000000000,Restricción en ninguna vialidad,Restricción en alguna vialidad,Alguna vialidad,Todas las vialidades,Alguna vialidad,Ninguna vialidad,Alguna vialidad,Alguna vialidad,Todas las vialidades,Ninguna vialidad,Ninguna vialidad,Alguna vialidad,"09",Ciudad de México,"015",Cuauhtémoc,"0001",Cuauhtémoc,017A,"003","2010","2010","2010","55936"
090150001017A004,0.000000000000000,0.000000000000000,0.000000000000000,0.000000000000000,0.000000000000000,0.000000000000000,0.000000000000000,0.000000000000000,0.000000000000000,0.000000000000000,0.000000000000000,0.000000000000000,0.000000000000000,0.000000000000000,0.000000000000000,0.000000000000000,0.000000000000000,0.000000000000000,0.000000000000000,0.000000000000000,0.000000000000000,0.000000000000000,0.000000000000000,0.000000000000000,0.000000000000000,0.000000000000000,0.000000000000000,0.000000000000000,0.000000000000000,0.000000000000000,0.000000000000000,0.000000000000000,0.000000000000000,0.000000000000000,0.000000000000000,0.000000000000000,0.000000000000000,0.000000000000000,3.000000000000000,2.000000000000000,2.000000000000000,2.000000000000000,2.000000000000000,2.000000000000000,2.000000000000000,2.000000000000000,2.000000000000000,3.000000000000000,3.000000000000000,2.000000000000000,Restricción en ninguna vialidad,Restricción en alguna vialidad,Alguna vialidad,Alguna vialidad,Alguna vialidad,Alguna vialidad,Alguna vialidad,Alguna vialidad,Alguna vialidad,Ninguna vialidad,Ninguna vialidad,Alguna vialidad,"09",Ciudad de México,"015",Cuauhtémoc,"0001",Cuauhtémoc,017A,"004","2010","2010","2010","55937"
090150001017A005,37.000000000000000,32.000000000000000,86.489999999999995,37.000000000000000,100.000000000000000,32.000000000000000,86.489999999999995,5.000000000000000,13.510000000000000,0.000000000000000,0.000000000000000,5.000000000000000,13.510000000000000,29.000000000000000,90.629999999999995,29.000000000000000,90.629999999999995,29.000000000000000,90.629999999999995,29.000000000000000,90.629999999999995,29.000000000000000,90.629999999999995,3.000000000000000,9.380000000000001,3.300000000000000,110.000000000000000,18.000000000000000,16.359999999999999,27.000000000000000,24.550000000000001,50.000000000000000,45.450000000000003,12.000000000000000,10.910000000000000,14.000000000000000,13.000000000000000,9.300000000000001,3.000000000000000,2.000000000000000,2.000000000000000,2.000000000000000,2.000000000000000,3.000000000000000,2.000000000000000,2.000000000000000,2.000000000000000,3.000000000000000,3.000000000000000,2.000000000000000,Restricción en ninguna vialidad,Restricción en alguna vialidad,Alguna vialidad,Alguna vialidad,Alguna vialidad,Ninguna vialidad,Alguna vialidad,Alguna vialidad,Alguna vialidad,Ninguna vialidad,Ninguna vialidad,Alguna vialidad,"09",Ciudad de México,"015",Cuauhtémoc,"0001",Cuauhtémoc,017A,"005","2010","2010","2010","55938"
090150001017A006,12.000000000000000,10.000000000000000,83.329999999999998,12.000000000000000,100.000000000000000,10.000000000000000,83.329999999999998,,,0.000000000000000,0.000000000000000,,,5.000000000000000,50.000000000000000,6.000000000000000,60.000000000000000,6.000000000000000,60.000000000000000,6.000000000000000,60.000000000000000,6.000000000000000,60.000000000000000,,,1.500000000000000,27.000000000000000,,,4.000000000000000,14.810000000000000,6.000000000000000,22.219999999999999,4.000000000000000,14.810000000000000,,,10.900000000000000,3.000000000000000,3.000000000000000,1.000000000000000,1.000000000000000,1.000000000000000,2.000000000000000,1.000000000000000,1.000000000000000,2.000000000000000,2.000000000000000,3.000000000000000,3.000000000000000,Restricción en ninguna vialidad,Restricción en ninguna vialidad,Todas las vialidades,Todas las vialidades,Todas las vialidades,Alguna vialidad,Todas las vialidades,Todas las vialidades,Alguna vialidad,Alguna vialidad,Ninguna vialidad,Ninguna vialidad,"09",Ciudad de México,"015",Cuauhtémoc,"0001",Cuauhtémoc,017A,"006","2010","2010","2010","55939"
090150001017A007,12.000000000000000,10.000000000000000,83.329999999999998,12.000000000000000,100.000000000000000,10.000000000000000,83.329999999999998,,,0.000000000000000,0.000000000000000,,,10.000000000000000,100.000000000000000,10.000000000000000,100.000000000000000,10.000000000000000,100.000000000000000,10.000000000000000,100.000000000000000,10.000000000000000,100.000000000000000,0.000000000000000,0.000000000000000,2.800000000000000,28.000000000000000,,,6.000000000000000,21.430000000000000,15.000000000000000,53.570000000000000,6.000000000000000,21.430000000000000,0.000000000000000,0.000000000000000,8.800000000000001,3.000000000000000,3.000000000000000,1.000000000000000,1.000000000000000,2.000000000000000,3.000000000000000,1.000000000000000,1.000000000000000,2.000000000000000,2.000000000000000,3.000000000000000,3.000000000000000,Restricción en ninguna vialidad,Restricción en ninguna vialidad,Todas las vialidades,Todas las vialidades,Alguna vialidad,Ninguna vialidad,Todas las vialidades,Todas las vialidades,Alguna vialidad,Alguna vialidad,Ninguna vialidad,Ninguna vialidad,"09",Ciudad de México,"015",Cuauhtémoc,"0001",Cuauhtémoc,017A,"007","2010","2010","2010","55940"
090150001017A010,124.000000000000000,110.000000000000000,88.709999999999994,124.000000000000000,100.000000000000000,110.000000000000000,88.709999999999994,13.000000000000000,10.480000000000000,,,14.000000000000000,11.289999999999999,101.000000000000000,91.819999999999993,101.000000000000000,91.819999999999993,98.000000000000000,89.090000000000003,99.000000000000000,90.000000000000000,101.000000000000000,91.819999999999993,8.000000000000000,7.270000000000000,3.900000000000000,458.000000000000000,107.000000000000000,23.359999999999999,140.000000000000000,30.570000000000000,154.000000000000000,33.619999999999997,33.000000000000000,7.210000000000000,50.000000000000000,11.000000000000000,8.699999999999999,3.000000000000000,3.000000000000000,1.000000000000000,2.000000000000000,2.000000000000000,2.000000000000000,1.000000000000000,1.000000000000000,1.000000000000000,2.000000000000000,3.000000000000000,2.000000000000000,Restricción en ninguna vialidad,Restricción en ninguna vialidad,Todas las vialidades,Alguna vialidad,Alguna vialidad,Alguna vialidad,Todas las vialidades,Todas las vialidades,Todas las vialidades,Alguna vialidad,Ninguna vialidad,Alguna vialidad,"09",Ciudad de México,"015",Cuauhtémoc,"0001",Cuauhtémoc,017A,"010","2010","2010","2010","55941"
090150001017A011,181.000000000000000,166.000000000000000,91.709999999999994,181.000000000000000,100.000000000000000,166.000000000000000,91.709999999999994,15.000000000000000,8.289999999999999,0.000000000000000,0.000000000000000,15.000000000000000,8.289999999999999,160.000000000000000,96.390000000000001,160.000000000000000,96.390000000000001,160.000000000000000,96.390000000000001,159.000000000000000,95.780000000000001,160.000000000000000,96.390000000000001,3.000000000000000,1.810000000000000,3.100000000000000,526.000000000000000,121.000000000000000,23.000000000000000,125.000000000000000,23.760000000000002,242.000000000000000,46.009999999999998,23.000000000000000,4.370000000000000,17.000000000000000,3.000000000000000,12.400000000000000,3.000000000000000,2.000000000000000,2.000000000000000,1.000000000000000,2.000000000000000,2.000000000000000,2.000000000000000,2.000000000000000,1.000000000000000,3.000000000000000,3.000000000000000,3.000000000000000,Restricción en ninguna vialidad,Restricción en alguna vialidad,Alguna vialidad,Todas las vialidades,Alguna vialidad,Alguna vialidad,Alguna vialidad,Alguna vialidad,Todas las vialidades,Ninguna vialidad,Ninguna vialidad,Ninguna vialidad,"09",Ciudad de México,"015",Cuauhtémoc,"0001",Cuauhtémoc,017A,"011","2010","2010","2010","55942"
090150001017A012,46.000000000000000,39.000000000000000,84.780000000000001,46.000000000000000,100.000000000000000,39.000000000000000,84.780000000000001,5.000000000000000,10.869999999999999,,,7.000000000000000,15.220000000000001,36.000000000000000,92.310000000000002,39.000000000000000,100.000000000000000,35.000000000000000,89.739999999999995,33.000000000000000,84.620000000000005,36.000000000000000,92.310000000000002,,,2.800000000000000,109.000000000000000,30.000000000000000,27.520000000000000,21.000000000000000,19.270000000000000,53.000000000000000,48.619999999999997,5.000000000000000,4.590000000000000,,,12.699999999999999,3.000000000000000,3.000000000000000,1.000000000000000,2.000000000000000,2.000000000000000,2.000000000000000,1.000000000000000,1.000000000000000,1.000000000000000,2.000000000000000,3.000000000000000,2.000000000000000,Restricción en ninguna vialidad,Restricción en ninguna vialidad,Todas las vialidades,Alguna vialidad,Alguna vialidad,Alguna vialidad,Todas las vialidades,Todas las vialidades,Todas las vialidades,Alguna vialidad,Ninguna vialidad,Alguna vialidad,"09",Ciudad de México,"015",Cuauhtémoc,"0001",Cuauhtémoc,017A,"012","2010","2010","2010","55943"
090150001017A013,0.000000000000000,0.000000000000000,0.000000000000000,0.000000000000000,0.000000000000000,0.000000000000000,0.000000000000000,0.000000000000000,0.000000000000000,0.000000000000000,0.000000000000000,0.000000000000000,0.000000000000000,0.000000000000000,0.000000000000000,0.000000000000000,0.000000000000000,0.000000000000000,0.000000000000000,0.000000000000000,0.000000000000000,0.000000000000000,0.000000000000000,0.000000000000000,0.000000000000000,0.000000000000000,0.000000000000000,0.000000000000000,0.000000000000000,0.000000000000000,0.000000000000000,0.000000000000000,0.000000000000000,0.000000000000000,0.000000000000000,0.000000000000000,0.000000000000000,0.000000000000000,3.000000000000000,2.000000000000000,2.000000000000000,2.000000000000000,2.000000000000000,2.000000000000000,1.000000000000000,1.000000000000000,2.000000000000000,3.000000000000000,3.000000000000000,3.000000000000000,Restricción en ninguna vialidad,Restricción en alguna vialidad,Alguna vialidad,Alguna vialidad,Alguna vialidad,Alguna vialidad,Todas las vialidades,Todas las vialidades,Alguna vialidad,Ninguna vialidad,Ninguna vialidad,Ninguna vialidad,"09",Ciudad de México,"015",Cuauhtémoc,"0001",Cuauhtémoc,017A,"013","2010","2010","2010","55944"
090150001017A014,0.000000000000000,0.000000000000000,0.000000000000000,0.000000000000000,0.000000000000000,0.000000000000000,0.000000000000000,0.000000000000000,0.000000000000000,0.000000000000000,0.000000000000000,0.000000000000000,0.000000000000000,0.000000000000000,0.000000000000000,0.000000000000000,0.000000000000000,0.000000000000000,0.000000000000000,0.000000000000000,0.000000000000000,0.000000000000000,0.000000000000000,0.000000000000000,0.000000000000000,0.000000000000000,0.000000000000000,0.000000000000000,0.000000000000000,0.000000000000000,0.000000000000000,0.000000000000000,0.000000000000000,0.000000000000000,0.000000000000000,0.000000000000000,0.000000000000000,0.000000000000000,3.000000000000000,2.000000000000000,2.000000000000000,2.000000000000000,2.000000000000000,2.000000000000000,2.000000000000000,2.000000000000000,2.000000000000000,2.000000000000000,3.000000000000000,3.000000000000000,Restricción en ninguna vialidad,Restricción en alguna vialidad,Alguna vialidad,Alguna vialidad,Alguna vialidad,Alguna vialidad,Alguna vialidad,Alguna vialidad,Alguna vialidad,Alguna vialidad,Ninguna vialidad,Ninguna vialidad,"09",Ciudad de México,"015",Cuauhtémoc,"0001",Cuauhtémoc,017A,"014","2010","2010","2010","55945"
090150001017A015,176.000000000000000,167.000000000000000,94.890000000000001,176.000000000000000,100.000000000000000,167.000000000000000,94.890000000000001,5.000000000000000,2.840000000000000,4.000000000000000,2.270000000000000,9.000000000000000,5.110000000000000,155.000000000000000,92.810000000000002,155.000000000000000,92.810000000000002,155.000000000000000,92.810000000000002,155.000000000000000,92.810000000000002,155.000000000000000,92.810000000000002,,,3.400000000000000,598.000000000000000,126.000000000000000,21.070000000000000,183.000000000000000,30.600000000000001,206.000000000000000,34.450000000000003,47.000000000000000,7.860000000000000,55.000000000000000,9.000000000000000,9.100000000000000,3.000000000000000,2.000000000000000,2.000000000000000,1.000000000000000,1.000000000000000,2.000000000000000,2.000000000000000,2.000000000000000,2.000000000000000,3.000000000000000,2.000000000000000,3.000000000000000,Restricción en ninguna vialidad,Restricción en alguna vialidad,Alguna vialidad,Todas las vialidades,Todas las vialidades,Alguna vialidad,Alguna vialidad,Alguna vialidad,Alguna vialidad,Ninguna vialidad,Alguna vialidad,Ninguna vialidad,"09",Ciudad de México,"015",Cuauhtémoc,"0001",Cuauhtémoc,017A,"015","2010","2010","2010","55946"
090150001017A016,19.000000000000000,16.000000000000000,84.209999999999994,19.000000000000000,100.000000000000000,16.000000000000000,84.209999999999994,,,,,3.000000000000000,15.789999999999999,16.000000000000000,100.000000000000000,16.000000000000000,100.000000000000000,16.000000000000000,100.000000000000000,16.000000000000000,100.000000000000000,16.000000000000000,100.000000000000000,0.000000000000000,0.000000000000000,3.700000000000000,59.000000000000000,14.000000000000000,23.730000000000000,7.000000000000000,11.859999999999999,30.000000000000000,50.850000000000001,8.000000000000000,13.560000000000000,6.000000000000000,10.000000000000000,10.199999999999999,3.000000000000000,2.000000000000000,2.000000000000000,1.000000000000000,1.000000000000000,3.000000000000000,2.000000000000000,2.000000000000000,2.000000000000000,3.000000000000000,3.000000000000000,3.000000000000000,Restricción en ninguna vialidad,Restricción en alguna vialidad,Alguna vialidad,Todas las vialidades,Todas las vialidades,Ninguna vialidad,Alguna vialidad,Alguna vialidad,Alguna vialidad,Ninguna vialidad,Ninguna vialidad,Ninguna vialidad,"09",Ciudad de México,"015",Cuauhtémoc,"0001",Cuauhtémoc,017A,"016","2010","2010","2010","55947"
090150001017A017,45.000000000000000,44.000000000000000,97.780000000000001,45.000000000000000,100.000000000000000,44.000000000000000,97.780000000000001,,,0.000000000000000,0.000000000000000,,,41.000000000000000,93.180000000000007,41.000000000000000,93.180000000000007,41.000000000000000,93.180000000000007,41.000000000000000,93.180000000000007,41.000000000000000,93.180000000000007,,,3.300000000000000,151.000000000000000,21.000000000000000,13.910000000000000,31.000000000000000,20.530000000000001,67.000000000000000,44.369999999999997,26.000000000000000,17.219999999999999,12.000000000000000,8.000000000000000,10.100000000000000,3.000000000000000,3.000000000000000,1.000000000000000,1.000000000000000,1.000000000000000,2.000000000000000,1.000000000000000,1.000000000000000,1.000000000000000,3.000000000000000,3.000000000000000,3.000000000000000,Restricción en ninguna vialidad,Restricción en ninguna vialidad,Todas las vialidades,Todas las vialidades,Todas las vialidades,Alguna vialidad,Todas las vialidades,Todas las vialidades,Todas las vialidades,Ninguna vialidad,Ninguna vialidad,Ninguna vialidad,"09",Ciudad de México,"015",Cuauhtémoc,"0001",Cuauhtémoc,017A,"017","2010","2010","2010","55948"
090150001017A018,17.000000000000000,17.000000000000000,100.000000000000000,17.000000000000000,100.000000000000000,17.000000000000000,100.000000000000000,0.000000000000000,0.000000000000000,0.000000000000000,0.000000000000000,0.000000000000000,0.000000000000000,16.000000000000000,94.120000000000005,16.000000000000000,94.120000000000005,16.000000000000000,94.120000000000005,16.000000000000000,94.120000000000005,15.000000000000000,88.239999999999995,0.000000000000000,0.000000000000000,3.500000000000000,62.000000000000000,8.000000000000000,12.900000000000000,17.000000000000000,27.420000000000002,22.000000000000000,35.479999999999997,12.000000000000000,19.350000000000001,10.000000000000000,16.000000000000000,10.199999999999999,2.000000000000000,2.000000000000000,1.000000000000000,1.000000000000000,2.000000000000000,3.000000000000000,1.000000000000000,1.000000000000000,1.000000000000000,3.000000000000000,3.000000000000000,3.000000000000000,Restricción en alguna vialidad,Restricción en alguna vialidad,Todas las vialidades,Todas las vialidades,Alguna vialidad,Ninguna vialidad,Todas las vialidades,Todas las vialidades,Todas las vialidades,Ninguna vialidad,Ninguna vialidad,Ninguna vialidad,"09",Ciudad de México,"015",Cuauhtémoc,"0001",Cuauhtémoc,017A,"018","2010","2010","2010","55949"
090150001017A019,108.000000000000000,98.000000000000000,90.739999999999995,108.000000000000000,100.000000000000000,98.000000000000000,90.739999999999995,7.000000000000000,6.480000000000000,3.000000000000000,2.780000000000000,10.000000000000000,9.260000000000000,98.000000000000000,100.000000000000000,98.000000000000000,100.000000000000000,97.000000000000000,98.980000000000004,98.000000000000000,100.000000000000000,98.000000000000000,100.000000000000000,3.000000000000000,3.060000000000000,3.400000000000000,337.000000000000000,66.000000000000000,19.579999999999998,93.000000000000000,27.600000000000001,137.000000000000000,40.649999999999999,41.000000000000000,12.170000000000000,20.000000000000000,6.000000000000000,9.600000000000000,3.000000000000000,3.000000000000000,2.000000000000000,2.000000000000000,2.000000000000000,1.000000000000000,1.000000000000000,1.000000000000000,2.000000000000000,2.000000000000000,3.000000000000000,3.000000000000000,Restricción en ninguna vialidad,Restricción en ninguna vialidad,Alguna vialidad,Alguna vialidad,Alguna vialidad,Todas las vialidades,Todas las vialidades,Todas las vialidades,Alguna vialidad,Alguna vialidad,Ninguna vialidad,Ninguna vialidad,"09",Ciudad de México,"015",Cuauhtémoc,"0001",Cuauhtémoc,017A,"019","2010","2010","2010","55950"
090150001017A020,755.000000000000000,663.000000000000000,87.810000000000002,755.000000000000000,100.000000000000000,663.000000000000000,87.810000000000002,71.000000000000000,9.400000000000000,21.000000000000000,2.780000000000000,92.000000000000000,12.190000000000000,643.000000000000000,96.980000000000004,651.000000000000000,98.189999999999998,640.000000000000000,96.530000000000001,641.000000000000000,96.680000000000007,643.000000000000000,96.980000000000004,6.000000000000000,0.900000000000000,3.000000000000000,2027.000000000000000,485.000000000000000,23.930000000000000,422.000000000000000,20.820000000000000,997.000000000000000,49.189999999999998,86.000000000000000,4.240000000000000,48.000000000000000,2.000000000000000,12.300000000000001,3.000000000000000,2.000000000000000,2.000000000000000,1.000000000000000,2.000000000000000,3.000000000000000,2.000000000000000,2.000000000000000,1.000000000000000,3.000000000000000,3.000000000000000,3.000000000000000,Restricción en ninguna vialidad,Restricción en alguna vialidad,Alguna vialidad,Todas las vialidades,Alguna vialidad,Ninguna vialidad,Alguna vialidad,Alguna vialidad,Todas las vialidades,Ninguna vialidad,Ninguna vialidad,Ninguna vialidad,"09",Ciudad de México,"015",Cuauhtémoc,"0001",Cuauhtémoc,017A,"020","2010","2010","2010","55951"
090150001017A021,13.000000000000000,13.000000000000000,100.000000000000000,13.000000000000000,100.000000000000000,13.000000000000000,100.000000000000000,0.000000000000000,0.000000000000000,0.000000000000000,0.000000000000000,0.000000000000000,0.000000000000000,4.000000000000000,30.770000000000000,10.000000000000000,76.920000000000002,,,5.000000000000000,38.460000000000001,9.000000000000000,69.230000000000004,4.000000000000000,30.770000000000000,3.600000000000000,53.000000000000000,19.000000000000000,35.850000000000001,12.000000000000000,22.640000000000001,12.000000000000000,22.640000000000001,3.000000000000000,5.660000000000000,7.000000000000000,13.000000000000000,5.800000000000000,3.000000000000000,2.000000000000000,2.000000000000000,1.000000000000000,2.000000000000000,2.000000000000000,2.000000000000000,2.000000000000000,2.000000000000000,3.000000000000000,3.000000000000000,3.000000000000000,Restricción en ninguna vialidad,Restricción en alguna vialidad,Alguna vialidad,Todas las vialidades,Alguna vialidad,Alguna vialidad,Alguna vialidad,Alguna vialidad,Alguna vialidad,Ninguna vialidad,Ninguna vialidad,Ninguna vialidad,"09",Ciudad de México,"015",Cuauhtémoc,"0001",Cuauhtémoc,017A,"021","2010","2010","2010","55952"
090150001017A022,0.000000000000000,0.000000000000000,0.000000000000000,0.000000000000000,0.000000000000000,0.000000000000000,0.000000000000000,0.000000000000000,0.000000000000000,0.000000000000000,0.000000000000000,0.000000000000000,0.000000000000000,0.000000000000000,0.000000000000000,0.000000000000000,0.000000000000000,0.000000000000000,0.000000000000000,0.000000000000000,0.000000000000000,0.000000000000000,0.000000000000000,0.000000000000000,0.000000000000000,0.000000000000000,0.000000000000000,0.000000000000000,0.000000000000000,0.000000000000000,0.000000000000000,0.000000000000000,0.000000000000000,0.000000000000000,0.000000000000000,0.000000000000000,0.000000000000000,0.000000000000000,3.000000000000000,2.000000000000000,2.000000000000000,2.000000000000000,2.000000000000000,2.000000000000000,2.000000000000000,2.000000000000000,2.000000000000000,3.000000000000000,3.000000000000000,3.000000000000000,Restricción en ninguna vialidad,Restricción en alguna vialidad,Alguna vialidad,Alguna vialidad,Alguna vialidad,Alguna vialidad,Alguna vialidad,Alguna vialidad,Alguna vialidad,Ninguna vialidad,Ninguna vialidad,Ninguna vialidad,"09",Ciudad de México,"015",Cuauhtémoc,"0001",Cuauhtémoc,017A,"022","2010","2010","2010","55953"
090150001017A023,42.000000000000000,39.000000000000000,92.859999999999999,42.000000000000000,100.000000000000000,39.000000000000000,92.859999999999999,3.000000000000000,7.140000000000000,0.000000000000000,0.000000000000000,3.000000000000000,7.140000000000000,37.000000000000000,94.870000000000005,37.000000000000000,94.870000000000005,35.000000000000000,89.739999999999995,35.000000000000000,89.739999999999995,35.000000000000000,89.739999999999995,,,4.100000000000000,164.000000000000000,26.000000000000000,15.850000000000000,42.000000000000000,25.609999999999999,65.000000000000000,39.630000000000003,25.000000000000000,15.240000000000000,9.000000000000000,5.000000000000000,9.199999999999999,3.000000000000000,2.000000000000000,2.000000000000000,1.000000000000000,2.000000000000000,2.000000000000000,2.000000000000000,2.000000000000000,1.000000000000000,3.000000000000000,3.000000000000000,2.000000000000000,Restricción en ninguna vialidad,Restricción en alguna vialidad,Alguna vialidad,Todas las vialidades,Alguna vialidad,Alguna vialidad,Alguna vialidad,Alguna vialidad,Todas las vialidades,Ninguna vialidad,Ninguna vialidad,Alguna vialidad,"09",Ciudad de México,"015",Cuauhtémoc,"0001",Cuauhtémoc,017A,"023","2010","2010","2010","55954"
090150001017A024,0.000000000000000,0.000000000000000,0.000000000000000,0.000000000000000,0.000000000000000,0.000000000000000,0.000000000000000,0.000000000000000,0.000000000000000,0.000000000000000,0.000000000000000,0.000000000000000,0.000000000000000,0.000000000000000,0.000000000000000,0.000000000000000,0.000000000000000,0.000000000000000,0.000000000000000,0.000000000000000,0.000000000000000,0.000000000000000,0.000000000000000,0.000000000000000,0.000000000000000,0.000000000000000,0.000000000000000,0.000000000000000,0.000000000000000,0.000000000000000,0.000000000000000,0.000000000000000,0.000000000000000,0.000000000000000,0.000000000000000,0.000000000000000,0.000000000000000,0.000000000000000,3.000000000000000,2.000000000000000,2.000000000000000,2.000000000000000,2.000000000000000,3.000000000000000,2.000000000000000,2.000000000000000,2.000000000000000,3.000000000000000,3.000000000000000,3.000000000000000,Restricción en ninguna vialidad,Restricción en alguna vialidad,Alguna vialidad,Alguna vialidad,Alguna vialidad,Ninguna vialidad,Alguna vialidad,Alguna vialidad,Alguna vialidad,Ninguna vialidad,Ninguna vialidad,Ninguna vialidad,"09",Ciudad de México,"015",Cuauhtémoc,"0001",Cuauhtémoc,017A,"024","2010","2010","2010","55955"
"0901500010184001",382.000000000000000,359.000000000000000,93.980000000000004,382.000000000000000,100.000000000000000,359.000000000000000,93.980000000000004,10.000000000000000,2.620000000000000,13.000000000000000,3.400000000000000,23.000000000000000,6.020000000000000,345.000000000000000,96.099999999999994,348.000000000000000,96.939999999999998,337.000000000000000,93.870000000000005,347.000000000000000,96.659999999999997,345.000000000000000,96.099999999999994,13.000000000000000,3.620000000000000,3.000000000000000,1091.000000000000000,246.000000000000000,22.550000000000001,273.000000000000000,25.020000000000000,488.000000000000000,44.729999999999997,59.000000000000000,5.410000000000000,36.000000000000000,3.000000000000000,11.699999999999999,2.000000000000000,3.000000000000000,2.000000000000000,2.000000000000000,2.000000000000000,2.000000000000000,2.000000000000000,2.000000000000000,2.000000000000000,3.000000000000000,3.000000000000000,2.000000000000000,Restricción en alguna vialidad,Restricción en ninguna vialidad,Alguna vialidad,Alguna vialidad,Alguna vialidad,Alguna vialidad,Alguna vialidad,Alguna vialidad,Alguna vialidad,Ninguna vialidad,Ninguna vialidad,Alguna vialidad,"09",Ciudad de México,"015",Cuauhtémoc,"0001",Cuauhtémoc,"0184","001","2010","2010","2010","55956"
"0901500010184002",20.000000000000000,19.000000000000000,95.000000000000000,20.000000000000000,100.000000000000000,19.000000000000000,95.000000000000000,0.000000000000000,0.000000000000000,,,,,16.000000000000000,84.209999999999994,16.000000000000000,84.209999999999994,16.000000000000000,84.209999999999994,16.000000000000000,84.209999999999994,16.000000000000000,84.209999999999994,0.000000000000000,0.000000000000000,1.900000000000000,46.000000000000000,6.000000000000000,13.039999999999999,6.000000000000000,13.039999999999999,21.000000000000000,45.649999999999999,4.000000000000000,8.699999999999999,,,13.600000000000000,3.000000000000000,3.000000000000000,1.000000000000000,2.000000000000000,1.000000000000000,1.000000000000000,1.000000000000000,1.000000000000000,2.000000000000000,2.000000000000000,3.000000000000000,3.000000000000000,Restricción en ninguna vialidad,Restricción en ninguna vialidad,Todas las vialidades,Alguna vialidad,Todas las vialidades,Todas las vialidades,Todas las vialidades,Todas las vialidades,Alguna vialidad,Alguna vialidad,Ninguna vialidad,Ninguna vialidad,"09",Ciudad de México,"015",Cuauhtémoc,"0001",Cuauhtémoc,"0184","002","2010","2010","2010","55957"
"0901500010184003",22.000000000000000,22.000000000000000,100.000000000000000,22.000000000000000,100.000000000000000,22.000000000000000,100.000000000000000,0.000000000000000,0.000000000000000,0.000000000000000,0.000000000000000,0.000000000000000,0.000000000000000,22.000000000000000,100.000000000000000,22.000000000000000,100.000000000000000,22.000000000000000,100.000000000000000,22.000000000000000,100.000000000000000,22.000000000000000,100.000000000000000,4.000000000000000,18.180000000000000,3.500000000000000,76.000000000000000,28.000000000000000,36.840000000000003,21.000000000000000,27.629999999999999,25.000000000000000,32.890000000000001,,,0.000000000000000,0.000000000000000,7.000000000000000,2.000000000000000,2.000000000000000,2.000000000000000,3.000000000000000,2.000000000000000,2.000000000000000,2.000000000000000,3.000000000000000,3.000000000000000,3.000000000000000,3.000000000000000,2.000000000000000,Restricción en alguna vialidad,Restricción en alguna vialidad,Alguna vialidad,Ninguna vialidad,Alguna vialidad,Alguna vialidad,Alguna vialidad,Ninguna vialidad,Ninguna vialidad,Ninguna vialidad,Ninguna vialidad,Alguna vialidad,"09",Ciudad de México,"015",Cuauhtémoc,"0001",Cuauhtémoc,"0184","003","2010","2010","2010","55958"
"0901500010184004",228.000000000000000,219.000000000000000,96.049999999999997,228.000000000000000,100.000000000000000,219.000000000000000,96.049999999999997,8.000000000000000,3.510000000000000,,,9.000000000000000,3.950000000000000,212.000000000000000,96.799999999999997,213.000000000000000,97.260000000000005,212.000000000000000,96.799999999999997,211.000000000000000,96.349999999999994,212.000000000000000,96.799999999999997,7.000000000000000,3.200000000000000,4.100000000000000,912.000000000000000,209.000000000000000,22.920000000000002,254.000000000000000,27.850000000000001,324.000000000000000,35.530000000000001,109.000000000000000,11.949999999999999,52.000000000000000,6.000000000000000,8.699999999999999,2.000000000000000,3.000000000000000,2.000000000000000,2.000000000000000,2.000000000000000,3.000000000000000,2.000000000000000,2.000000000000000,2.000000000000000,3.000000000000000,3.000000000000000,3.000000000000000,Restricción en alguna vialidad,Restricción en ninguna vialidad,Alguna vialidad,Alguna vialidad,Alguna vialidad,Ninguna vialidad,Alguna vialidad,Alguna vialidad,Alguna vialidad,Ninguna vialidad,Ninguna vialidad,Ninguna vialidad,"09",Ciudad de México,"015",Cuauhtémoc,"0001",Cuauhtémoc,"0184","004","2010","2010","2010","55959"
"0901500010184005",14.000000000000000,14.000000000000000,100.000000000000000,14.000000000000000,100.000000000000000,14.000000000000000,100.000000000000000,0.000000000000000,0.000000000000000,0.000000000000000,0.000000000000000,0.000000000000000,0.000000000000000,14.000000000000000,100.000000000000000,14.000000000000000,100.000000000000000,14.000000000000000,100.000000000000000,14.000000000000000,100.000000000000000,14.000000000000000,100.000000000000000,5.000000000000000,35.710000000000001,3.700000000000000,52.000000000000000,16.000000000000000,30.770000000000000,14.000000000000000,26.920000000000002,22.000000000000000,42.310000000000002,0.000000000000000,0.000000000000000,4.000000000000000,8.000000000000000,8.800000000000001,2.000000000000000,3.000000000000000,2.000000000000000,2.000000000000000,2.000000000000000,3.000000000000000,2.000000000000000,2.000000000000000,2.000000000000000,3.000000000000000,3.000000000000000,3.000000000000000,Restricción en alguna vialidad,Restricción en ninguna vialidad,Alguna vialidad,Alguna vialidad,Alguna vialidad,Ninguna vialidad,Alguna vialidad,Alguna vialidad,Alguna vialidad,Ninguna vialidad,Ninguna vialidad,Ninguna vialidad,"09",Ciudad de México,"015",Cuauhtémoc,"0001",Cuauhtémoc,"0184","005","2010","2010","2010","55960"
"0901500010184006",11.000000000000000,11.000000000000000,100.000000000000000,11.000000000000000,100.000000000000000,11.000000000000000,100.000000000000000,0.000000000000000,0.000000000000000,0.000000000000000,0.000000000000000,0.000000000000000,0.000000000000000,10.000000000000000,90.909999999999997,10.000000000000000,90.909999999999997,10.000000000000000,90.909999999999997,10.000000000000000,90.909999999999997,10.000000000000000,90.909999999999997,,,3.100000000000000,34.000000000000000,4.000000000000000,11.760000000000000,8.000000000000000,23.530000000000001,17.000000000000000,50.000000000000000,5.000000000000000,14.710000000000001,3.000000000000000,9.000000000000000,8.699999999999999,3.000000000000000,3.000000000000000,1.000000000000000,1.000000000000000,1.000000000000000,3.000000000000000,1.000000000000000,1.000000000000000,1.000000000000000,2.000000000000000,3.000000000000000,3.000000000000000,Restricción en ninguna vialidad,Restricción en ninguna vialidad,Todas las vialidades,Todas las vialidades,Todas las vialidades,Ninguna vialidad,Todas las vialidades,Todas las vialidades,Todas las vialidades,Alguna vialidad,Ninguna vialidad,Ninguna vialidad,"09",Ciudad de México,"015",Cuauhtémoc,"0001",Cuauhtémoc,"0184","006","2010","2010","2010","55961"
"0901500010184007",37.000000000000000,30.000000000000000,81.079999999999998,37.000000000000000,100.000000000000000,30.000000000000000,81.079999999999998,7.000000000000000,18.920000000000002,0.000000000000000,0.000000000000000,7.000000000000000,18.920000000000002,28.000000000000000,93.329999999999998,28.000000000000000,93.329999999999998,28.000000000000000,93.329999999999998,28.000000000000000,93.329999999999998,28.000000000000000,93.329999999999998,0.000000000000000,0.000000000000000,3.800000000000000,119.000000000000000,31.000000000000000,26.050000000000001,23.000000000000000,19.329999999999998,46.000000000000000,38.659999999999997,13.000000000000000,10.920000000000000,,,10.900000000000000,3.000000000000000,3.000000000000000,1.000000000000000,1.000000000000000,1.000000000000000,2.000000000000000,1.000000000000000,1.000000000000000,2.000000000000000,2.000000000000000,3.000000000000000,2.000000000000000,Restricción en ninguna vialidad,Restricción en ninguna vialidad,Todas las vialidades,Todas las vialidades,Todas las vialidades,Alguna vialidad,Todas las vialidades,Todas las vialidades,Alguna vialidad,Alguna vialidad,Ninguna vialidad,Alguna vialidad,"09",Ciudad de México,"015",Cuauhtémoc,"0001",Cuauhtémoc,"0184","007","2010","2010","2010","55962"
"0901500010184008",61.000000000000000,54.000000000000000,88.519999999999996,61.000000000000000,100.000000000000000,54.000000000000000,88.519999999999996,7.000000000000000,11.480000000000000,0.000000000000000,0.000000000000000,7.000000000000000,11.480000000000000,54.000000000000000,100.000000000000000,54.000000000000000,100.000000000000000,54.000000000000000,100.000000000000000,54.000000000000000,100.000000000000000,54.000000000000000,100.000000000000000,5.000000000000000,9.260000000000000,3.700000000000000,198.000000000000000,43.000000000000000,21.719999999999999,60.000000000000000,30.300000000000001,77.000000000000000,38.890000000000001,18.000000000000000,9.090000000000000,9.000000000000000,5.000000000000000,8.000000000000000,3.000000000000000,2.000000000000000,2.000000000000000,2.000000000000000,2.000000000000000,2.000000000000000,2.000000000000000,2.000000000000000,2.000000000000000,3.000000000000000,2.000000000000000,3.000000000000000,Restricción en ninguna vialidad,Restricción en alguna vialidad,Alguna vialidad,Alguna vialidad,Alguna vialidad,Alguna vialidad,Alguna vialidad,Alguna vialidad,Alguna vialidad,Ninguna vialidad,Alguna vialidad,Ninguna vialidad,"09",Ciudad de México,"015",Cuauhtémoc,"0001",Cuauhtémoc,"0184","008","2010","2010","2010","55963"
"0901500010184009",49.000000000000000,48.000000000000000,97.959999999999994,49.000000000000000,100.000000000000000,48.000000000000000,97.959999999999994,0.000000000000000,0.000000000000000,,,,,46.000000000000000,95.829999999999998,48.000000000000000,100.000000000000000,47.000000000000000,97.920000000000002,46.000000000000000,95.829999999999998,47.000000000000000,97.920000000000002,,,3.830000000000000,184.000000000000000,40.000000000000000,21.739999999999998,37.000000000000000,20.109999999999999,70.000000000000000,38.039999999999999,37.000000000000000,20.109999999999999,,,8.660000000000000,3.000000000000000,2.000000000000000,2.000000000000000,2.000000000000000,2.000000000000000,2.000000000000000,2.000000000000000,2.000000000000000,2.000000000000000,3.000000000000000,2.000000000000000,3.000000000000000,Restricción en ninguna vialidad,Restricción en alguna vialidad,Alguna vialidad,Alguna vialidad,Alguna vialidad,Alguna vialidad,Alguna vialidad,Alguna vialidad,Alguna vialidad,Ninguna vialidad,Alguna vialidad,Ninguna vialidad,"09",Ciudad de México,"015",Cuauhtémoc,"0001",Cuauhtémoc,"0184","009","2010","2015","2010","55964"
"0901500010184010",78.000000000000000,75.000000000000000,96.150000000000006,78.000000000000000,100.000000000000000,75.000000000000000,96.150000000000006,3.000000000000000,3.850000000000000,0.000000000000000,0.000000000000000,3.000000000000000,3.850000000000000,75.000000000000000,100.000000000000000,74.000000000000000,98.670000000000002,74.000000000000000,98.670000000000002,75.000000000000000,100.000000000000000,75.000000000000000,100.000000000000000,15.000000000000000,20.000000000000000,3.300000000000000,244.000000000000000,56.000000000000000,22.949999999999999,74.000000000000000,30.329999999999998,97.000000000000000,39.750000000000000,17.000000000000000,6.970000000000000,8.000000000000000,3.000000000000000,9.199999999999999,3.000000000000000,3.000000000000000,1.000000000000000,1.000000000000000,1.000000000000000,3.000000000000000,1.000000000000000,1.000000000000000,1.000000000000000,2.000000000000000,3.000000000000000,2.000000000000000,Restricción en ninguna vialidad,Restricción en ninguna vialidad,Todas las vialidades,Todas las vialidades,Todas las vialidades,Ninguna vialidad,Todas las vialidades,Todas las vialidades,Todas las vialidades,Alguna vialidad,Ninguna vialidad,Alguna vialidad,"09",Ciudad de México,"015",Cuauhtémoc,"0001",Cuauhtémoc,"0184","010","2010","2010","2010","55965"
"0901500010184011",137.000000000000000,136.000000000000000,99.269999999999996,137.000000000000000,100.000000000000000,136.000000000000000,99.269999999999996,,,0.000000000000000,0.000000000000000,,,132.000000000000000,97.060000000000002,132.000000000000000,97.060000000000002,132.000000000000000,97.060000000000002,132.000000000000000,97.060000000000002,132.000000000000000,97.060000000000002,0.000000000000000,0.000000000000000,3.500000000000000,493.000000000000000,89.000000000000000,18.050000000000001,135.000000000000000,27.379999999999999,190.000000000000000,38.539999999999999,67.000000000000000,13.590000000000000,21.000000000000000,4.000000000000000,9.400000000000000,3.000000000000000,3.000000000000000,1.000000000000000,1.000000000000000,1.000000000000000,3.000000000000000,1.000000000000000,1.000000000000000,1.000000000000000,3.000000000000000,2.000000000000000,2.000000000000000,Restricción en ninguna vialidad,Restricción en ninguna vialidad,Todas las vialidades,Todas las vialidades,Todas las vialidades,Ninguna vialidad,Todas las vialidades,Todas las vialidades,Todas las vialidades,Ninguna vialidad,Alguna vialidad,Alguna vialidad,"09",Ciudad de México,"015",Cuauhtémoc,"0001",Cuauhtémoc,"0184","011","2010","2010","2010","55966"
"0901500010184012",149.000000000000000,132.000000000000000,88.590000000000003,149.000000000000000,100.000000000000000,132.000000000000000,88.590000000000003,16.000000000000000,10.740000000000000,,,17.000000000000000,11.410000000000000,119.000000000000000,90.150000000000006,119.000000000000000,90.150000000000006,120.000000000000000,90.909999999999997,120.000000000000000,90.909999999999997,120.000000000000000,90.909999999999997,6.000000000000000,4.550000000000000,3.600000000000000,502.000000000000000,94.000000000000000,18.730000000000000,104.000000000000000,20.719999999999999,199.000000000000000,39.640000000000001,78.000000000000000,15.539999999999999,28.000000000000000,6.000000000000000,11.300000000000001,3.000000000000000,2.000000000000000,1.000000000000000,1.000000000000000,1.000000000000000,2.000000000000000,1.000000000000000,1.000000000000000,2.000000000000000,2.000000000000000,2.000000000000000,3.000000000000000,Restricción en ninguna vialidad,Restricción en alguna vialidad,Todas las vialidades,Todas las vialidades,Todas las vialidades,Alguna vialidad,Todas las vialidades,Todas las vialidades,Alguna vialidad,Alguna vialidad,Alguna vialidad,Ninguna vialidad,"09",Ciudad de México,"015",Cuauhtémoc,"0001",Cuauhtémoc,"0184","012","2010","2010","2010","55967"
"0901500010184013",116.000000000000000,107.000000000000000,92.239999999999995,116.000000000000000,100.000000000000000,107.000000000000000,92.239999999999995,0.000000000000000,0.000000000000000,9.000000000000000,7.760000000000000,9.000000000000000,7.760000000000000,101.000000000000000,94.390000000000001,105.000000000000000,98.129999999999995,105.000000000000000,98.129999999999995,105.000000000000000,98.129999999999995,105.000000000000000,98.129999999999995,6.000000000000000,5.610000000000000,3.300000000000000,351.000000000000000,87.000000000000000,24.789999999999999,85.000000000000000,24.219999999999999,150.000000000000000,42.740000000000002,26.000000000000000,7.410000000000000,15.000000000000000,4.000000000000000,9.699999999999999,3.000000000000000,2.000000000000000,2.000000000000000,2.000000000000000,2.000000000000000,3.000000000000000,2.000000000000000,3.000000000000000,2.000000000000000,3.000000000000000,3.000000000000000,3.000000000000000,Restricción en ninguna vialidad,Restricción en alguna vialidad,Alguna vialidad,Alguna vialidad,Alguna vialidad,Ninguna vialidad,Alguna vialidad,Ninguna vialidad,Alguna vialidad,Ninguna vialidad,Ninguna vialidad,Ninguna vialidad,"09",Ciudad de México,"015",Cuauhtémoc,"0001",Cuauhtémoc,"0184","013","2010","2010","2010","55968"
"0901500010184014",16.000000000000000,16.000000000000000,100.000000000000000,16.000000000000000,100.000000000000000,16.000000000000000,100.000000000000000,0.000000000000000,0.000000000000000,0.000000000000000,0.000000000000000,0.000000000000000,0.000000000000000,16.000000000000000,100.000000000000000,16.000000000000000,100.000000000000000,16.000000000000000,100.000000000000000,16.000000000000000,100.000000000000000,16.000000000000000,100.000000000000000,0.000000000000000,0.000000000000000,3.900000000000000,63.000000000000000,16.000000000000000,25.399999999999999,19.000000000000000,30.160000000000000,21.000000000000000,33.329999999999998,7.000000000000000,11.109999999999999,5.000000000000000,8.000000000000000,9.000000000000000,3.000000000000000,3.000000000000000,1.000000000000000,2.000000000000000,1.000000000000000,3.000000000000000,1.000000000000000,1.000000000000000,2.000000000000000,1.000000000000000,3.000000000000000,3.000000000000000,Restricción en ninguna vialidad,Restricción en ninguna vialidad,Todas las vialidades,Alguna vialidad,Todas las vialidades,Ninguna vialidad,Todas las vialidades,Todas las vialidades,Alguna vialidad,Todas las vialidades,Ninguna vialidad,Ninguna vialidad,"09",Ciudad de México,"015",Cuauhtémoc,"0001",Cuauhtémoc,"0184","014","2010","2010","2010","55969"
"0901500010184015",1.000000000000000,1.000000000000000,100.000000000000000,,,,,,,,,,,,,,,,,,,,,,,,4.000000000000000,,,,,,,,,,,,2.000000000000000,2.000000000000000,2.000000000000000,2.000000000000000,2.000000000000000,3.000000000000000,2.000000000000000,2.000000000000000,2.000000000000000,2.000000000000000,3.000000000000000,3.000000000000000,Restricción en alguna vialidad,Restricción en alguna vialidad,Alguna vialidad,Alguna vialidad,Alguna vialidad,Ninguna vialidad,Alguna vialidad,Alguna vialidad,Alguna vialidad,Alguna vialidad,Ninguna vialidad,Ninguna vialidad,"09",Ciudad de México,"015",Cuauhtémoc,"0001",Cuauhtémoc,"0184","015","2010","2010","2010","55970"
"0901500010184016",42.000000000000000,38.000000000000000,90.480000000000004,42.000000000000000,100.000000000000000,38.000000000000000,90.480000000000004,0.000000000000000,0.000000000000000,4.000000000000000,9.520000000000000,4.000000000000000,9.520000000000000,38.000000000000000,100.000000000000000,38.000000000000000,100.000000000000000,38.000000000000000,100.000000000000000,38.000000000000000,100.000000000000000,38.000000000000000,100.000000000000000,,,3.200000000000000,123.000000000000000,26.000000000000000,21.140000000000001,36.000000000000000,29.270000000000000,59.000000000000000,47.969999999999999,,,3.000000000000000,2.000000000000000,12.000000000000000,5.000000000000000,5.000000000000000,5.000000000000000,5.000000000000000,5.000000000000000,5.000000000000000,5.000000000000000,5.000000000000000,5.000000000000000,5.000000000000000,5.000000000000000,5.000000000000000,Conjunto habitacional,Conjunto habitacional,Conjunto habitacional,Conjunto habitacional,Conjunto habitacional,Conjunto habitacional,Conjunto habitacional,Conjunto habitacional,Conjunto habitacional,Conjunto habitacional,Conjunto habitacional,Conjunto habitacional,"09",Ciudad de México,"015",Cuauhtémoc,"0001",Cuauhtémoc,"0184","016","2010","2010","2010","55971"
"0901500010184017",8.000000000000000,7.000000000000000,87.500000000000000,8.000000000000000,100.000000000000000,7.000000000000000,87.500000000000000,0.000000000000000,0.000000000000000,,,,,7.000000000000000,100.000000000000000,7.000000000000000,100.000000000000000,7.000000000000000,100.000000000000000,7.000000000000000,100.000000000000000,7.000000000000000,100.000000000000000,0.000000000000000,0.000000000000000,3.900000000000000,27.000000000000000,11.000000000000000,40.740000000000002,6.000000000000000,22.219999999999999,10.000000000000000,37.039999999999999,0.000000000000000,0.000000000000000,,,10.900000000000000,5.000000000000000,5.000000000000000,5.000000000000000,5.000000000000000,5.000000000000000,5.000000000000000,5.000000000000000,5.000000000000000,5.000000000000000,5.000000000000000,5.000000000000000,5.000000000000000,Conjunto habitacional,Conjunto habitacional,Conjunto habitacional,Conjunto habitacional,Conjunto habitacional,Conjunto habitacional,Conjunto habitacional,Conjunto habitacional,Conjunto habitacional,Conjunto habitacional,Conjunto habitacional,Conjunto habitacional,"09",Ciudad de México,"015",Cuauhtémoc,"0001",Cuauhtémoc,"0184","017","2010","2010","2010","55972"
"0901500010184018",27.000000000000000,24.000000000000000,88.890000000000001,27.000000000000000,100.000000000000000,24.000000000000000,88.890000000000001,0.000000000000000,0.000000000000000,3.000000000000000,11.109999999999999,3.000000000000000,11.109999999999999,24.000000000000000,100.000000000000000,24.000000000000000,100.000000000000000,24.000000000000000,100.000000000000000,24.000000000000000,100.000000000000000,24.000000000000000,100.000000000000000,0.000000000000000,0.000000000000000,2.500000000000000,61.000000000000000,8.000000000000000,13.109999999999999,20.000000000000000,32.789999999999999,25.000000000000000,40.979999999999997,8.000000000000000,13.109999999999999,,,12.199999999999999,5.000000000000000,5.000000000000000,5.000000000000000,5.000000000000000,5.000000000000000,5.000000000000000,5.000000000000000,5.000000000000000,5.000000000000000,5.000000000000000,5.000000000000000,5.000000000000000,Conjunto habitacional,Conjunto habitacional,Conjunto habitacional,Conjunto habitacional,Conjunto habitacional,Conjunto habitacional,Conjunto habitacional,Conjunto habitacional,Conjunto habitacional,Conjunto habitacional,Conjunto habitacional,Conjunto habitacional,"09",Ciudad de México,"015",Cuauhtémoc,"0001",Cuauhtémoc,"0184","018","2010","2010","2010","55973"
"0901500010184019",42.000000000000000,36.000000000000000,85.709999999999994,42.000000000000000,100.000000000000000,36.000000000000000,85.709999999999994,0.000000000000000,0.000000000000000,6.000000000000000,14.289999999999999,6.000000000000000,14.289999999999999,36.000000000000000,100.000000000000000,36.000000000000000,100.000000000000000,36.000000000000000,100.000000000000000,36.000000000000000,100.000000000000000,36.000000000000000,100.000000000000000,,,3.300000000000000,118.000000000000000,33.000000000000000,27.969999999999999,20.000000000000000,16.949999999999999,52.000000000000000,44.070000000000000,13.000000000000000,11.020000000000000,6.000000000000000,5.000000000000000,10.800000000000001,5.000000000000000,5.000000000000000,5.000000000000000,5.000000000000000,5.000000000000000,5.000000000000000,5.000000000000000,5.000000000000000,5.000000000000000,5.000000000000000,5.000000000000000,5.000000000000000,Conjunto habitacional,Conjunto habitacional,Conjunto habitacional,Conjunto habitacional,Conjunto habitacional,Conjunto habitacional,Conjunto habitacional,Conjunto habitacional,Conjunto habitacional,Conjunto habitacional,Conjunto habitacional,Conjunto habitacional,"09",Ciudad de México,"015",Cuauhtémoc,"0001",Cuauhtémoc,"0184","019","2010","2010","2010","55974"
"0901500010184020",41.000000000000000,35.000000000000000,85.370000000000005,41.000000000000000,100.000000000000000,35.000000000000000,85.370000000000005,0.000000000000000,0.000000000000000,6.000000000000000,14.630000000000001,6.000000000000000,14.630000000000001,34.000000000000000,97.140000000000001,35.000000000000000,100.000000000000000,35.000000000000000,100.000000000000000,35.000000000000000,100.000000000000000,35.000000000000000,100.000000000000000,0.000000000000000,0.000000000000000,3.200000000000000,112.000000000000000,27.000000000000000,24.109999999999999,36.000000000000000,32.140000000000001,44.000000000000000,39.289999999999999,5.000000000000000,4.460000000000000,0.000000000000000,0.000000000000000,11.000000000000000,5.000000000000000,5.000000000000000,5.000000000000000,5.000000000000000,5.000000000000000,5.000000000000000,5.000000000000000,5.000000000000000,5.000000000000000,5.000000000000000,5.000000000000000,5.000000000000000,Conjunto habitacional,Conjunto habitacional,Conjunto habitacional,Conjunto habitacional,Conjunto habitacional,Conjunto habitacional,Conjunto habitacional,Conjunto habitacional,Conjunto habitacional,Conjunto habitacional,Conjunto habitacional,Conjunto habitacional,"09",Ciudad de México,"015",Cuauhtémoc,"0001",Cuauhtémoc,"0184","020","2010","2010","2010","55975"
"0901500010184021",48.000000000000000,46.000000000000000,95.829999999999998,48.000000000000000,100.000000000000000,46.000000000000000,95.829999999999998,0.000000000000000,0.000000000000000,,,,,46.000000000000000,100.000000000000000,46.000000000000000,100.000000000000000,46.000000000000000,100.000000000000000,46.000000000000000,100.000000000000000,46.000000000000000,100.000000000000000,,,3.700000000000000,169.000000000000000,50.000000000000000,29.590000000000000,44.000000000000000,26.039999999999999,65.000000000000000,38.460000000000001,10.000000000000000,5.920000000000000,3.000000000000000,2.000000000000000,10.000000000000000,5.000000000000000,5.000000000000000,5.000000000000000,5.000000000000000,5.000000000000000,5.000000000000000,5.000000000000000,5.000000000000000,5.000000000000000,5.000000000000000,5.000000000000000,5.000000000000000,Conjunto habitacional,Conjunto habitacional,Conjunto habitacional,Conjunto habitacional,Conjunto habitacional,Conjunto habitacional,Conjunto habitacional,Conjunto habitacional,Conjunto habitacional,Conjunto habitacional,Conjunto habitacional,Conjunto habitacional,"09",Ciudad de México,"015",Cuauhtémoc,"0001",Cuauhtémoc,"0184","021","2010","2010","2010","55976"
"0901500010184022",75.000000000000000,74.000000000000000,98.670000000000002,75.000000000000000,100.000000000000000,74.000000000000000,98.670000000000002,0.000000000000000,0.000000000000000,,,,,73.000000000000000,98.650000000000006,74.000000000000000,100.000000000000000,74.000000000000000,100.000000000000000,74.000000000000000,100.000000000000000,74.000000000000000,100.000000000000000,,,3.100000000000000,233.000000000000000,45.000000000000000,19.309999999999999,63.000000000000000,27.039999999999999,109.000000000000000,46.780000000000001,16.000000000000000,6.870000000000000,6.000000000000000,3.000000000000000,10.800000000000001,5.000000000000000,5.000000000000000,5.000000000000000,5.000000000000000,5.000000000000000,5.000000000000000,5.000000000000000,5.000000000000000,5.000000000000000,5.000000000000000,5.000000000000000,5.000000000000000,Conjunto habitacional,Conjunto habitacional,Conjunto habitacional,Conjunto habitacional,Conjunto habitacional,Conjunto habitacional,Conjunto habitacional,Conjunto habitacional,Conjunto habitacional,Conjunto habitacional,Conjunto habitacional,Conjunto habitacional,"09",Ciudad de México,"015",Cuauhtémoc,"0001",Cuauhtémoc,"0184","022","2010","2010","2010","55977"
"0901500010184023",26.000000000000000,23.000000000000000,88.459999999999994,26.000000000000000,100.000000000000000,23.000000000000000,88.459999999999994,0.000000000000000,0.000000000000000,3.000000000000000,11.539999999999999,3.000000000000000,11.539999999999999,22.000000000000000,95.650000000000006,23.000000000000000,100.000000000000000,23.000000000000000,100.000000000000000,23.000000000000000,100.000000000000000,23.000000000000000,100.000000000000000,0.000000000000000,0.000000000000000,3.500000000000000,81.000000000000000,18.000000000000000,22.219999999999999,18.000000000000000,22.219999999999999,40.000000000000000,49.380000000000003,5.000000000000000,6.170000000000000,,,11.300000000000001,5.000000000000000,5.000000000000000,5.000000000000000,5.000000000000000,5.000000000000000,5.000000000000000,5.000000000000000,5.000000000000000,5.000000000000000,5.000000000000000,5.000000000000000,5.000000000000000,Conjunto habitacional,Conjunto habitacional,Conjunto habitacional,Conjunto habitacional,Conjunto habitacional,Conjunto habitacional,Conjunto habitacional,Conjunto habitacional,Conjunto habitacional,Conjunto habitacional,Conjunto habitacional,Conjunto habitacional,"09",Ciudad de México,"015",Cuauhtémoc,"0001",Cuauhtémoc,"0184","023","2010","2010","2010","55978"
"0901500010184025",24.000000000000000,20.000000000000000,83.329999999999998,24.000000000000000,100.000000000000000,20.000000000000000,83.329999999999998,3.000000000000000,12.500000000000000,,,4.000000000000000,16.670000000000002,20.000000000000000,100.000000000000000,20.000000000000000,100.000000000000000,20.000000000000000,100.000000000000000,20.000000000000000,100.000000000000000,20.000000000000000,100.000000000000000,0.000000000000000,0.000000000000000,3.800000000000000,75.000000000000000,25.000000000000000,33.329999999999998,10.000000000000000,13.330000000000000,31.000000000000000,41.329999999999998,9.000000000000000,12.000000000000000,4.000000000000000,5.000000000000000,12.500000000000000,5.000000000000000,5.000000000000000,5.000000000000000,5.000000000000000,5.000000000000000,5.000000000000000,5.000000000000000,5.000000000000000,5.000000000000000,5.000000000000000,5.000000000000000,5.000000000000000,Conjunto habitacional,Conjunto habitacional,Conjunto habitacional,Conjunto habitacional,Conjunto habitacional,Conjunto habitacional,Conjunto habitacional,Conjunto habitacional,Conjunto habitacional,Conjunto habitacional,Conjunto habitacional,Conjunto habitacional,"09",Ciudad de México,"015",Cuauhtémoc,"0001",Cuauhtémoc,"0184","025","2010","2010","2010","55979"
"0901500010184026",37.000000000000000,33.000000000000000,89.189999999999998,37.000000000000000,100.000000000000000,33.000000000000000,89.189999999999998,4.000000000000000,10.810000000000000,0.000000000000000,0.000000000000000,4.000000000000000,10.810000000000000,33.000000000000000,100.000000000000000,33.000000000000000,100.000000000000000,33.000000000000000,100.000000000000000,33.000000000000000,100.000000000000000,33.000000000000000,100.000000000000000,0.000000000000000,0.000000000000000,2.900000000000000,95.000000000000000,20.000000000000000,21.050000000000001,20.000000000000000,21.050000000000001,43.000000000000000,45.259999999999998,12.000000000000000,12.630000000000001,3.000000000000000,3.000000000000000,13.100000000000000,5.000000000000000,5.000000000000000,5.000000000000000,5.000000000000000,5.000000000000000,5.000000000000000,5.000000000000000,5.000000000000000,5.000000000000000,5.000000000000000,5.000000000000000,5.000000000000000,Conjunto habitacional,Conjunto habitacional,Conjunto habitacional,Conjunto habitacional,Conjunto habitacional,Conjunto habitacional,Conjunto habitacional,Conjunto habitacional,Conjunto habitacional,Conjunto habitacional,Conjunto habitacional,Conjunto habitacional,"09",Ciudad de México,"015",Cuauhtémoc,"0001",Cuauhtémoc,"0184","026","2010","2010","2010","55980"
"0901500010184027",44.000000000000000,37.000000000000000,84.090000000000003,44.000000000000000,100.000000000000000,37.000000000000000,84.090000000000003,5.000000000000000,11.359999999999999,,,7.000000000000000,15.910000000000000,36.000000000000000,97.299999999999997,36.000000000000000,97.299999999999997,36.000000000000000,97.299999999999997,36.000000000000000,97.299999999999997,36.000000000000000,97.299999999999997,0.000000000000000,0.000000000000000,3.400000000000000,129.000000000000000,23.000000000000000,17.829999999999998,27.000000000000000,20.930000000000000,59.000000000000000,45.740000000000002,17.000000000000000,13.180000000000000,3.000000000000000,2.000000000000000,13.000000000000000,5.000000000000000,5.000000000000000,5.000000000000000,5.000000000000000,5.000000000000000,5.000000000000000,5.000000000000000,5.000000000000000,5.000000000000000,5.000000000000000,5.000000000000000,5.000000000000000,Conjunto habitacional,Conjunto habitacional,Conjunto habitacional,Conjunto habitacional,Conjunto habitacional,Conjunto habitacional,Conjunto habitacional,Conjunto habitacional,Conjunto habitacional,Conjunto habitacional,Conjunto habitacional,Conjunto habitacional,"09",Ciudad de México,"015",Cuauhtémoc,"0001",Cuauhtémoc,"0184","027","2010","2010","2010","55981"
"0901500010184028",48.000000000000000,40.000000000000000,83.329999999999998,48.000000000000000,100.000000000000000,40.000000000000000,83.329999999999998,8.000000000000000,16.670000000000002,0.000000000000000,0.000000000000000,8.000000000000000,16.670000000000002,39.000000000000000,97.500000000000000,39.000000000000000,97.500000000000000,39.000000000000000,97.500000000000000,38.000000000000000,95.000000000000000,39.000000000000000,97.500000000000000,0.000000000000000,0.000000000000000,2.800000000000000,116.000000000000000,12.000000000000000,10.340000000000000,32.000000000000000,27.590000000000000,53.000000000000000,45.689999999999998,16.000000000000000,13.789999999999999,,,13.600000000000000,5.000000000000000,5.000000000000000,5.000000000000000,5.000000000000000,5.000000000000000,5.000000000000000,5.000000000000000,5.000000000000000,5.000000000000000,5.000000000000000,5.000000000000000,5.000000000000000,Conjunto habitacional,Conjunto habitacional,Conjunto habitacional,Conjunto habitacional,Conjunto habitacional,Conjunto habitacional,Conjunto habitacional,Conjunto habitacional,Conjunto habitacional,Conjunto habitacional,Conjunto habitacional,Conjunto habitacional,"09",Ciudad de México,"015",Cuauhtémoc,"0001",Cuauhtémoc,"0184","028","2010","2010","2010","55982"
"0901500010184030",39.000000000000000,36.000000000000000,92.310000000000002,39.000000000000000,100.000000000000000,36.000000000000000,92.310000000000002,,,,,3.000000000000000,7.690000000000000,35.000000000000000,97.219999999999999,35.000000000000000,97.219999999999999,35.000000000000000,97.219999999999999,34.000000000000000,94.439999999999998,35.000000000000000,97.219999999999999,0.000000000000000,0.000000000000000,3.200000000000000,119.000000000000000,24.000000000000000,20.170000000000002,34.000000000000000,28.570000000000000,38.000000000000000,31.930000000000000,20.000000000000000,16.809999999999999,3.000000000000000,3.000000000000000,12.100000000000000,5.000000000000000,5.000000000000000,5.000000000000000,5.000000000000000,5.000000000000000,5.000000000000000,5.000000000000000,5.000000000000000,5.000000000000000,5.000000000000000,5.000000000000000,5.000000000000000,Conjunto habitacional,Conjunto habitacional,Conjunto habitacional,Conjunto habitacional,Conjunto habitacional,Conjunto habitacional,Conjunto habitacional,Conjunto habitacional,Conjunto habitacional,Conjunto habitacional,Conjunto habitacional,Conjunto habitacional,"09",Ciudad de México,"015",Cuauhtémoc,"0001",Cuauhtémoc,"0184","030","2010","2010","2010","55983"
"0901500010184031",30.000000000000000,24.000000000000000,80.000000000000000,30.000000000000000,100.000000000000000,24.000000000000000,80.000000000000000,5.000000000000000,16.670000000000002,,,6.000000000000000,20.000000000000000,24.000000000000000,100.000000000000000,24.000000000000000,100.000000000000000,24.000000000000000,100.000000000000000,24.000000000000000,100.000000000000000,24.000000000000000,100.000000000000000,0.000000000000000,0.000000000000000,3.200000000000000,77.000000000000000,21.000000000000000,27.270000000000000,17.000000000000000,22.079999999999998,33.000000000000000,42.859999999999999,6.000000000000000,7.790000000000000,3.000000000000000,4.000000000000000,10.400000000000000,5.000000000000000,5.000000000000000,5.000000000000000,5.000000000000000,5.000000000000000,5.000000000000000,5.000000000000000,5.000000000000000,5.000000000000000,5.000000000000000,5.000000000000000,5.000000000000000,Conjunto habitacional,Conjunto habitacional,Conjunto habitacional,Conjunto habitacional,Conjunto habitacional,Conjunto habitacional,Conjunto habitacional,Conjunto habitacional,Conjunto habitacional,Conjunto habitacional,Conjunto habitacional,Conjunto habitacional,"09",Ciudad de México,"015",Cuauhtémoc,"0001",Cuauhtémoc,"0184","031","2010","2010","2010","55984"
"0901500010184032",30.000000000000000,22.000000000000000,73.329999999999998,30.000000000000000,100.000000000000000,22.000000000000000,73.329999999999998,8.000000000000000,26.670000000000002,0.000000000000000,0.000000000000000,8.000000000000000,26.670000000000002,21.000000000000000,95.450000000000003,21.000000000000000,95.450000000000003,21.000000000000000,95.450000000000003,21.000000000000000,95.450000000000003,21.000000000000000,95.450000000000003,0.000000000000000,0.000000000000000,2.600000000000000,60.000000000000000,16.000000000000000,26.670000000000002,7.000000000000000,11.670000000000000,32.000000000000000,53.329999999999998,,,,,11.199999999999999,5.000000000000000,5.000000000000000,5.000000000000000,5.000000000000000,5.000000000000000,5.000000000000000,5.000000000000000,5.000000000000000,5.000000000000000,5.000000000000000,5.000000000000000,5.000000000000000,Conjunto habitacional,Conjunto habitacional,Conjunto habitacional,Conjunto habitacional,Conjunto habitacional,Conjunto habitacional,Conjunto habitacional,Conjunto habitacional,Conjunto habitacional,Conjunto habitacional,Conjunto habitacional,Conjunto habitacional,"09",Ciudad de México,"015",Cuauhtémoc,"0001",Cuauhtémoc,"0184","032","2010","2010","2010","55985"
"0901500010184033",0.000000000000000,0.000000000000000,0.000000000000000,0.000000000000000,0.000000000000000,0.000000000000000,0.000000000000000,0.000000000000000,0.000000000000000,0.000000000000000,0.000000000000000,0.000000000000000,0.000000000000000,0.000000000000000,0.000000000000000,0.000000000000000,0.000000000000000,0.000000000000000,0.000000000000000,0.000000000000000,0.000000000000000,0.000000000000000,0.000000000000000,0.000000000000000,0.000000000000000,0.000000000000000,0.000000000000000,0.000000000000000,0.000000000000000,0.000000000000000,0.000000000000000,0.000000000000000,0.000000000000000,0.000000000000000,0.000000000000000,0.000000000000000,0.000000000000000,0.000000000000000,2.000000000000000,2.000000000000000,2.000000000000000,3.000000000000000,3.000000000000000,3.000000000000000,2.000000000000000,3.000000000000000,2.000000000000000,3.000000000000000,3.000000000000000,2.000000000000000,Restricción en alguna vialidad,Restricción en alguna vialidad,Alguna vialidad,Ninguna vialidad,Ninguna vialidad,Ninguna vialidad,Alguna vialidad,Ninguna vialidad,Alguna vialidad,Ninguna vialidad,Ninguna vialidad,Alguna vialidad,"09",Ciudad de México,"015",Cuauhtémoc,"0001",Cuauhtémoc,"0184","033","2010","2010","2010","55986"
